{"cameraMode":{"drawMode":0,"name":"Shaded","section":"Shading Mode"},"sceneLighting":true,"audioPlay":false,"sceneViewState":{"showFog":true,"showMaterialUpdate":false,"showSkybox":true,"showFlares":true,"showImageEffects":true,"showParticleSystems":true,"showVisualEffectGraphs":true,"m_FxEnabled":true},"in2DMode":false,"pivot":{"x":14.804158210754395,"y":11.415008544921875,"z":1.3159685134887696},"rotation":{"x":0.08560662716627121,"y":-0.04899086058139801,"z":0.0041875895112752918,"w":0.9951674938201904},"size":7.017819881439209,"orthographic":false}