{"cameraMode":{"drawMode":0,"name":"Shaded","section":"Shading Mode"},"sceneLighting":true,"audioPlay":false,"sceneViewState":{"showFog":true,"showMaterialUpdate":false,"showSkybox":true,"showFlares":true,"showImageEffects":true,"showParticleSystems":true,"showVisualEffectGraphs":true,"m_FxEnabled":true},"in2DMode":false,"pivot":{"x":-1.4579343795776368,"y":1.4045352935791016,"z":5.744746208190918},"rotation":{"x":0.10153903812170029,"y":0.10754556208848953,"z":-0.011044805869460106,"w":0.9890056252479553},"size":13.910665512084961,"orthographic":false}