{"cameraMode":{"drawMode":0,"name":"Shaded","section":"Shading Mode"},"sceneLighting":true,"audioPlay":false,"sceneViewState":{"showFog":true,"showMaterialUpdate":false,"showSkybox":true,"showFlares":true,"showImageEffects":true,"showParticleSystems":true,"showVisualEffectGraphs":true,"m_FxEnabled":true},"in2DMode":false,"pivot":{"x":-1.7026081085205079,"y":4.338811874389648,"z":1.9951026439666749},"rotation":{"x":0.09699935466051102,"y":0.1150001659989357,"z":-0.01128773670643568,"w":0.9885509610176086},"size":13.806679725646973,"orthographic":false}