{"cameraMode":{"drawMode":0,"name":"Shaded","section":"Shading Mode"},"sceneLighting":true,"audioPlay":false,"sceneViewState":{"showFog":true,"showMaterialUpdate":false,"showSkybox":true,"showFlares":true,"showImageEffects":true,"showParticleSystems":true,"showVisualEffectGraphs":true,"m_FxEnabled":true},"in2DMode":false,"pivot":{"x":36.115840911865237,"y":-0.9582295417785645,"z":-5.801311492919922},"rotation":{"x":-0.08312626928091049,"y":-0.04722403362393379,"z":0.003953946754336357,"w":-0.9955000281333923},"size":25.09368324279785,"orthographic":false}