{"cameraMode":{"drawMode":0,"name":"Shaded","section":"Shading Mode"},"sceneLighting":true,"audioPlay":false,"sceneViewState":{"showFog":true,"showMaterialUpdate":false,"showSkybox":true,"showFlares":true,"showImageEffects":true,"showParticleSystems":true,"showVisualEffectGraphs":true,"m_FxEnabled":true},"in2DMode":false,"pivot":{"x":5.789880752563477,"y":7.439335823059082,"z":10.013473510742188},"rotation":{"x":0.06326991319656372,"y":0.003305689664557576,"z":-0.00022596193593926728,"w":0.9980392456054688},"size":16.100706100463868,"orthographic":false}