{"cameraMode":{"drawMode":0,"name":"Shaded","section":"Shading Mode"},"sceneLighting":true,"audioPlay":false,"sceneViewState":{"showFog":true,"showMaterialUpdate":false,"showSkybox":true,"showFlares":true,"showImageEffects":true,"showParticleSystems":true,"showVisualEffectGraphs":true,"m_FxEnabled":true},"in2DMode":false,"pivot":{"x":0.21203027665615083,"y":-9.898374557495118,"z":38.74872970581055},"rotation":{"x":-0.1571643352508545,"y":0.03348575159907341,"z":-0.003623469965532422,"w":-0.9872632622718811},"size":27.455530166625978,"orthographic":false}