{"cameraMode":{"drawMode":0,"name":"Shaded","section":"Shading Mode"},"sceneLighting":true,"audioPlay":false,"sceneViewState":{"showFog":true,"showMaterialUpdate":false,"showSkybox":true,"showFlares":true,"showImageEffects":true,"showParticleSystems":true,"showVisualEffectGraphs":true,"m_FxEnabled":true},"in2DMode":false,"pivot":{"x":18.18441390991211,"y":2.2019495964050295,"z":2.601243019104004},"rotation":{"x":0.04615863040089607,"y":0.026066746562719346,"z":0.0012072192039340735,"w":-0.9986028671264648},"size":6.825736999511719,"orthographic":false}