{"cameraMode":{"drawMode":0,"name":"Shaded","section":"Shading Mode"},"sceneLighting":true,"audioPlay":false,"sceneViewState":{"showFog":true,"showMaterialUpdate":false,"showSkybox":true,"showFlares":true,"showImageEffects":true,"showParticleSystems":true,"showVisualEffectGraphs":true,"m_FxEnabled":true},"in2DMode":false,"pivot":{"x":-17.92600440979004,"y":-21.600788116455079,"z":10.796426773071289},"rotation":{"x":0.15691447257995606,"y":0.05509152635931969,"z":-0.008761265315115452,"w":0.9860521554946899},"size":17.02410316467285,"orthographic":false}