{"cameraMode":{"drawMode":0,"name":"Shaded","section":"Shading Mode"},"sceneLighting":true,"audioPlay":false,"sceneViewState":{"showFog":true,"showMaterialUpdate":false,"showSkybox":true,"showFlares":true,"showImageEffects":true,"showParticleSystems":true,"showVisualEffectGraphs":true,"m_FxEnabled":true},"in2DMode":false,"pivot":{"x":61.59217834472656,"y":-4.036224842071533,"z":-15.547124862670899},"rotation":{"x":-0.05177629739046097,"y":0.023065507411956788,"z":-0.0011993281077593566,"w":-0.9984678626060486},"size":25.834157943725587,"orthographic":false}