{"cameraMode":{"drawMode":0,"name":"Shaded","section":"Shading Mode"},"sceneLighting":true,"audioPlay":false,"sceneViewState":{"showFog":true,"showMaterialUpdate":false,"showSkybox":true,"showFlares":true,"showImageEffects":true,"showParticleSystems":true,"showVisualEffectGraphs":true,"m_FxEnabled":true},"in2DMode":false,"pivot":{"x":0.11980956792831421,"y":0.6924734115600586,"z":5.734546184539795},"rotation":{"x":0.14974892139434815,"y":-0.007104391232132912,"z":0.0010737586999312044,"w":0.9887565970420837},"size":9.335380554199219,"orthographic":false}