{"cameraMode":{"drawMode":0,"name":"Shaded","section":"Shading Mode"},"sceneLighting":true,"audioPlay":false,"sceneViewState":{"showFog":true,"showMaterialUpdate":false,"showSkybox":true,"showFlares":true,"showImageEffects":true,"showParticleSystems":true,"showVisualEffectGraphs":true,"m_FxEnabled":true},"in2DMode":false,"pivot":{"x":-4.765676975250244,"y":-15.013819694519043,"z":25.24601173400879},"rotation":{"x":-0.10962880402803421,"y":0.008271690458059311,"z":0.0007649509352631867,"w":-0.9942063689231873},"size":34.07615661621094,"orthographic":false}