{"cameraMode":{"drawMode":0,"name":"Shaded","section":"Shading Mode"},"sceneLighting":true,"audioPlay":false,"sceneViewState":{"showFog":true,"showMaterialUpdate":false,"showSkybox":true,"showFlares":true,"showImageEffects":true,"showParticleSystems":true,"showVisualEffectGraphs":true,"m_FxEnabled":true},"in2DMode":false,"pivot":{"x":5.9395060539245609,"y":3.4974565505981447,"z":7.413175582885742},"rotation":{"x":0.1332649141550064,"y":-0.04724752902984619,"z":0.006342917215079069,"w":0.9899692535400391},"size":11.195837020874024,"orthographic":false}