{"cameraMode":{"drawMode":0,"name":"Shaded","section":"Shading Mode"},"sceneLighting":true,"audioPlay":false,"sceneViewState":{"showFog":true,"showMaterialUpdate":false,"showSkybox":true,"showFlares":true,"showImageEffects":true,"showParticleSystems":true,"showVisualEffectGraphs":true,"m_FxEnabled":true},"in2DMode":false,"pivot":{"x":-1.5714497566223145,"y":-15.013829231262207,"z":25.22369384765625},"rotation":{"x":-0.10957895964384079,"y":-0.015589999035000801,"z":0.0033900095149874689,"w":-0.9941191673278809},"size":34.07615661621094,"orthographic":false}