{"cameraMode":{"drawMode":0,"name":"Shaded","section":"Shading Mode"},"sceneLighting":true,"audioPlay":false,"sceneViewState":{"showFog":true,"showMaterialUpdate":false,"showSkybox":true,"showFlares":true,"showImageEffects":true,"showParticleSystems":true,"showVisualEffectGraphs":true,"m_FxEnabled":true},"in2DMode":false,"pivot":{"x":-5.417956829071045,"y":12.215166091918946,"z":-16.3569278717041},"rotation":{"x":0.20137426257133485,"y":0.020871423184871675,"z":-0.004301106557250023,"w":0.9792702794075012},"size":0.8660253882408142,"orthographic":false}