{"cameraMode":{"drawMode":0,"name":"Shaded","section":"Shading Mode"},"sceneLighting":true,"audioPlay":false,"sceneViewState":{"showFog":true,"showMaterialUpdate":false,"showSkybox":true,"showFlares":true,"showImageEffects":true,"showParticleSystems":true,"showVisualEffectGraphs":true,"m_FxEnabled":true},"in2DMode":false,"pivot":{"x":-2.349780797958374,"y":-12.143594741821289,"z":-9.543442726135254},"rotation":{"x":0.018305998295545579,"y":-0.023685771971940995,"z":0.0003815332893282175,"w":0.9996448159217835},"size":22.600139617919923,"orthographic":false}