{"cameraMode":{"drawMode":0,"name":"Shaded","section":"Shading Mode"},"sceneLighting":true,"audioPlay":false,"sceneViewState":{"showFog":true,"showMaterialUpdate":false,"showSkybox":true,"showFlares":true,"showImageEffects":true,"showParticleSystems":true,"showVisualEffectGraphs":true,"m_FxEnabled":true},"in2DMode":false,"pivot":{"x":1.3845961093902588,"y":-7.4101362228393559,"z":43.7546501159668},"rotation":{"x":-0.14681130647659303,"y":0.0023704650811851026,"z":0.0015505024930462242,"w":-0.9893637895584106},"size":29.125944137573243,"orthographic":false}